timestamp,user_id,ip_address,action,resource,duration,bytes_transferred,location,device_type,session_count,failed_attempts,risk_score
2023-07-01T08:30:00Z,john.doe,192.168.1.100,login,/dashboard,300,5000,New York,desktop,1,0,0.1
2023-07-01T09:15:00Z,john.doe,192.168.1.100,view,/reports,450,8000,New York,desktop,1,0,0.1
2023-07-01T10:20:00Z,john.doe,192.168.1.100,download,/reports/q2_finance.pdf,120,2500000,New York,desktop,1,0,0.2
2023-07-01T11:30:00Z,john.doe,192.168.1.100,logout,/logout,10,1000,New York,desktop,0,0,0.1
2023-07-01T13:00:00Z,john.doe,192.168.1.100,login,/dashboard,280,4800,New York,desktop,1,0,0.1
2023-07-01T14:45:00Z,john.doe,192.168.1.100,view,/customers,520,9200,New York,desktop,1,0,0.1
2023-07-01T16:00:00Z,john.doe,192.168.1.100,logout,/logout,15,1200,New York,desktop,0,0,0.1
2023-07-01T08:45:00Z,jane.smith,192.168.1.101,login,/dashboard,320,5200,Chicago,laptop,1,0,0.1
2023-07-01T09:30:00Z,jane.smith,192.168.1.101,view,/products,380,7500,Chicago,laptop,1,0,0.1
2023-07-01T10:15:00Z,jane.smith,192.168.1.101,edit,/products/update,420,15000,Chicago,laptop,1,0,0.2
2023-07-01T12:00:00Z,jane.smith,192.168.1.101,view,/orders,350,6800,Chicago,laptop,1,0,0.1
2023-07-01T13:45:00Z,jane.smith,192.168.1.101,logout,/logout,12,1100,Chicago,laptop,0,0,0.1
2023-07-01T09:00:00Z,admin,192.168.1.102,login,/admin,250,4500,Seattle,desktop,1,0,0.2
2023-07-01T09:20:00Z,admin,192.168.1.102,view,/admin/users,400,8500,Seattle,desktop,1,0,0.2
2023-07-01T09:45:00Z,admin,192.168.1.102,edit,/admin/users/permissions,480,12000,Seattle,desktop,1,0,0.3
2023-07-01T10:30:00Z,admin,192.168.1.102,view,/admin/settings,350,7200,Seattle,desktop,1,0,0.2
2023-07-01T11:15:00Z,admin,192.168.1.102,logout,/logout,18,1300,Seattle,desktop,0,0,0.2
2023-07-01T21:30:00Z,john.doe,185.143.223.45,login,/dashboard,150,3500,Moscow,mobile,1,2,0.8
2023-07-01T21:45:00Z,john.doe,185.143.223.45,view,/admin,200,4000,Moscow,mobile,1,0,0.7
2023-07-01T22:00:00Z,john.doe,185.143.223.45,download,/customers.csv,90,1500000,Moscow,mobile,1,0,0.9
2023-07-01T03:15:00Z,jane.smith,113.100.142.22,login,/dashboard,180,3800,Beijing,unknown,1,1,0.75
2023-07-01T03:30:00Z,jane.smith,113.100.142.22,view,/admin/settings,220,4200,Beijing,unknown,1,0,0.8
2023-07-01T02:45:00Z,admin,45.77.65.211,login,/admin,190,4100,Kiev,unknown,1,3,0.95
2023-07-01T02:55:00Z,admin,45.77.65.211,edit,/admin/users/roles,320,25000,Kiev,unknown,1,0,0.9
2023-07-01T03:05:00Z,admin,45.77.65.211,edit,/admin/config,280,35000,Kiev,unknown,1,0,0.87
2023-07-01T03:25:00Z,jane.smith,113.100.142.22,edit,/admin/database,450,95000,Beijing,unknown,1,0,0.91
2023-07-01T04:10:00Z,jane.smith,113.100.142.22,download,/admin/backup.zip,180,15000000,Beijing,unknown,1,0,0.94
2023-07-01T22:30:00Z,john.doe,185.143.223.45,edit,/admin/users/delete,120,7800,Moscow,mobile,1,0,0.88
2023-07-01T23:05:00Z,john.doe,185.143.223.45,view,/admin/logs,220,12000,Moscow,mobile,1,0,0.84
2023-07-01T23:30:00Z,john.doe,185.143.223.45,download,/admin/logs.zip,180,9000000,Moscow,mobile,1,0,0.92
2023-07-02T00:15:00Z,unknown.user,139.162.119.197,login,/login,120,3200,Bucharest,unknown,1,5,0.97
2023-07-02T00:25:00Z,unknown.user,139.162.119.197,view,/admin,150,4300,Bucharest,unknown,1,0,0.93
2023-07-02T00:40:00Z,unknown.user,139.162.119.197,download,/admin/config.json,90,350000,Bucharest,unknown,1,0,0.98
2023-07-02T01:10:00Z,unknown.user,139.162.119.197,view,/admin/users,130,6800,Bucharest,unknown,1,0,0.96